{
  "status": true,
  "total": 246,
  "records": [
    {
      "id": 1,
      "country": "Afghanistan",
      "country_code": "AF",
      "nationality": null,
      "dial_code": "93",
      "approved": 1
    },
    {
      "id": 2,
      "country": "Aland Islands",
      "country_code": "AX",
      "nationality": null,
      "dial_code": "358",
      "approved": 1
    },
    {
      "id": 3,
      "country": "Albania",
      "country_code": "AL",
      "nationality": null,
      "dial_code": "355",
      "approved": 1
    },
    {
      "id": 4,
      "country": "Algeria",
      "country_code": "DZ",
      "nationality": null,
      "dial_code": "213",
      "approved": 1
    },
    {
      "id": 5,
      "country": "American Samoa",
      "country_code": "AS",
      "nationality": null,
      "dial_code": "684",
      "approved": 1
    },
    {
      "id": 6,
      "country": "Andorra",
      "country_code": "AD",
      "nationality": null,
      "dial_code": "376",
      "approved": 1
    },
    {
      "id": 7,
      "country": "Angola",
      "country_code": "AO",
      "nationality": null,
      "dial_code": "244",
      "approved": 1
    },
    {
      "id": 8,
      "country": "Anguilla",
      "country_code": "AI",
      "nationality": null,
      "dial_code": "1",
      "approved": 1
    },
    {
      "id": 9,
      "country": "Antarctica",
      "country_code": "AQ",
      "nationality": null,
      "dial_code": "672",
      "approved": 1
    },
    {
      "id": 10,
      "country": "Antigua And Barbuda",
      "country_code": "AG",
      "nationality": null,
      "dial_code": "1",
      "approved": 1
    },
    {
      "id": 11,
      "country": "Argentina",
      "country_code": "AR",
      "nationality": null,
      "dial_code": "54",
      "approved": 1
    },
    {
      "id": 12,
      "country": "Armenia",
      "country_code": "AM",
      "nationality": null,
      "dial_code": "374",
      "approved": 1
    },
    {
      "id": 13,
      "country": "Aruba",
      "country_code": "AW",
      "nationality": null,
      "dial_code": "297",
      "approved": 1
    },
    {
      "id": 14,
      "country": "Australia",
      "country_code": "AU",
      "nationality": null,
      "dial_code": "61",
      "approved": 1
    },
    {
      "id": 15,
      "country": "Austria",
      "country_code": "AT",
      "nationality": null,
      "dial_code": "43",
      "approved": 1
    },
    {
      "id": 16,
      "country": "Azerbaijan",
      "country_code": "AZ",
      "nationality": null,
      "dial_code": "994",
      "approved": 1
    },
    {
      "id": 17,
      "country": "Bahamas",
      "country_code": "BS",
      "nationality": null,
      "dial_code": "1",
      "approved": 1
    },
    {
      "id": 18,
      "country": "Bahrain",
      "country_code": "BH",
      "nationality": null,
      "dial_code": "973",
      "approved": 1,
      "country_flag": "FlagBahrain"
    },
    {
      "id": 19,
      "country": "Bangladesh",
      "country_code": "BD",
      "nationality": null,
      "dial_code": "880",
      "approved": 1
    },
    {
      "id": 20,
      "country": "Barbados",
      "country_code": "BB",
      "nationality": null,
      "dial_code": "1",
      "approved": 1
    },
    {
      "id": 21,
      "country": "Belarus",
      "country_code": "BY",
      "nationality": null,
      "dial_code": "375",
      "approved": 1
    },
    {
      "id": 22,
      "country": "Belgium",
      "country_code": "BE",
      "nationality": null,
      "dial_code": "32",
      "approved": 1
    },
    {
      "id": 23,
      "country": "Belize",
      "country_code": "BZ",
      "nationality": null,
      "dial_code": "501",
      "approved": 1
    },
    {
      "id": 24,
      "country": "Benin",
      "country_code": "BJ",
      "nationality": null,
      "dial_code": "229",
      "approved": 1
    },
    {
      "id": 25,
      "country": "Bermuda",
      "country_code": "BM",
      "nationality": null,
      "dial_code": "1",
      "approved": 1
    },
    {
      "id": 26,
      "country": "Bhutan",
      "country_code": "BT",
      "nationality": null,
      "dial_code": "975",
      "approved": 1
    },
    {
      "id": 27,
      "country": "Bolivia",
      "country_code": "BO",
      "nationality": null,
      "dial_code": "591",
      "approved": 1
    },
    {
      "id": 28,
      "country": "Bosnia And Herzegovina",
      "country_code": "BA",
      "nationality": null,
      "dial_code": "387",
      "approved": 1
    },
    {
      "id": 29,
      "country": "Botswana",
      "country_code": "BW",
      "nationality": null,
      "dial_code": "267",
      "approved": 1
    },
    {
      "id": 30,
      "country": "Bouvet Island",
      "country_code": "BV",
      "nationality": null,
      "dial_code": "47",
      "approved": 1
    },
    {
      "id": 31,
      "country": "Brazil",
      "country_code": "BR",
      "nationality": null,
      "dial_code": "55",
      "approved": 1
    },
    {
      "id": 32,
      "country": "British Indian Ocean Territory",
      "country_code": "IO",
      "nationality": null,
      "dial_code": "246",
      "approved": 1
    },
    {
      "id": 33,
      "country": "Brunei Darussalam",
      "country_code": "BN",
      "nationality": null,
      "dial_code": "673",
      "approved": 1
    },
    {
      "id": 34,
      "country": "Bulgaria",
      "country_code": "BG",
      "nationality": null,
      "dial_code": "359",
      "approved": 1
    },
    {
      "id": 35,
      "country": "Burkina Faso",
      "country_code": "BF",
      "nationality": null,
      "dial_code": "226",
      "approved": 1
    },
    {
      "id": 36,
      "country": "Burundi",
      "country_code": "BI",
      "nationality": null,
      "dial_code": "257",
      "approved": 1
    },
    {
      "id": 37,
      "country": "Cambodia",
      "country_code": "KH",
      "nationality": null,
      "dial_code": "855",
      "approved": 1
    },
    {
      "id": 38,
      "country": "Cameroon",
      "country_code": "CM",
      "nationality": null,
      "dial_code": "237",
      "approved": 1
    },
    {
      "id": 39,
      "country": "Canada",
      "country_code": "CA",
      "nationality": null,
      "dial_code": "1",
      "approved": 1
    },
    {
      "id": 40,
      "country": "Cape Verde",
      "country_code": "CV",
      "nationality": null,
      "dial_code": "238",
      "approved": 1
    },
    {
      "id": 41,
      "country": "Cayman Islands",
      "country_code": "KY",
      "nationality": null,
      "dial_code": "1",
      "approved": 1
    },
    {
      "id": 42,
      "country": "Central African Republic",
      "country_code": "CF",
      "nationality": null,
      "dial_code": "236",
      "approved": 1
    },
    {
      "id": 43,
      "country": "Chad",
      "country_code": "TD",
      "nationality": null,
      "dial_code": "235",
      "approved": 1
    },
    {
      "id": 44,
      "country": "Chile",
      "country_code": "CL",
      "nationality": null,
      "dial_code": "56",
      "approved": 1
    },
    {
      "id": 45,
      "country": "China",
      "country_code": "CN",
      "nationality": null,
      "dial_code": "86",
      "approved": 1
    },
    {
      "id": 46,
      "country": "Christmas Island",
      "country_code": "CX",
      "nationality": null,
      "dial_code": "618",
      "approved": 1
    },
    {
      "id": 47,
      "country": "Cocos (Keeling) Islands",
      "country_code": "CC",
      "nationality": null,
      "dial_code": "61",
      "approved": 1
    },
    {
      "id": 48,
      "country": "Colombia",
      "country_code": "CO",
      "nationality": null,
      "dial_code": "57",
      "approved": 1
    },
    {
      "id": 49,
      "country": "Comoros",
      "country_code": "KM",
      "nationality": null,
      "dial_code": "269",
      "approved": 1
    },
    {
      "id": 50,
      "country": "Congo",
      "country_code": "CG",
      "nationality": null,
      "dial_code": "242",
      "approved": 1
    },
    {
      "id": 51,
      "country": "Congo, Democratic Republic",
      "country_code": "CD",
      "nationality": null,
      "dial_code": "243",
      "approved": 1
    },
    {
      "id": 52,
      "country": "Cook Islands",
      "country_code": "CK",
      "nationality": null,
      "dial_code": "682",
      "approved": 1
    },
    {
      "id": 53,
      "country": "Costa Rica",
      "country_code": "CR",
      "nationality": null,
      "dial_code": "506",
      "approved": 1
    },
    {
      "id": 54,
      "country": "Cote D'Ivoire",
      "country_code": "CI",
      "nationality": null,
      "dial_code": "225",
      "approved": 1
    },
    {
      "id": 55,
      "country": "Croatia",
      "country_code": "HR",
      "nationality": null,
      "dial_code": "385",
      "approved": 1
    },
    {
      "id": 56,
      "country": "Cuba",
      "country_code": "CU",
      "nationality": null,
      "dial_code": "53",
      "approved": 1
    },
    {
      "id": 57,
      "country": "Curacao",
      "country_code": "CW",
      "nationality": null,
      "dial_code": null,
      "approved": 1
    },
    {
      "id": 58,
      "country": "Cyprus",
      "country_code": "CY",
      "nationality": null,
      "dial_code": "357",
      "approved": 1
    },
    {
      "id": 59,
      "country": "Czech Republic",
      "country_code": "CZ",
      "nationality": null,
      "dial_code": "420",
      "approved": 1
    },
    {
      "id": 60,
      "country": "Denmark",
      "country_code": "DK",
      "nationality": null,
      "dial_code": "45",
      "approved": 1
    },
    {
      "id": 61,
      "country": "Djibouti",
      "country_code": "DJ",
      "nationality": null,
      "dial_code": "253",
      "approved": 1
    },
    {
      "id": 62,
      "country": "Dominica",
      "country_code": "DM",
      "nationality": null,
      "dial_code": "1",
      "approved": 1
    },
    {
      "id": 63,
      "country": "Dominican Republic",
      "country_code": "DO",
      "nationality": null,
      "dial_code": "1",
      "approved": 1
    },
    {
      "id": 64,
      "country": "Ecuador",
      "country_code": "EC",
      "nationality": null,
      "dial_code": "593",
      "approved": 1
    },
    {
      "id": 65,
      "country": "Egypt",
      "country_code": "EG",
      "nationality": null,
      "dial_code": "20",
      "approved": 1
    },
    {
      "id": 66,
      "country": "El Salvador",
      "country_code": "SV",
      "nationality": null,
      "dial_code": "503",
      "approved": 1
    },
    {
      "id": 67,
      "country": "Equatorial Guinea",
      "country_code": "GQ",
      "nationality": null,
      "dial_code": "240",
      "approved": 1
    },
    {
      "id": 68,
      "country": "Eritrea",
      "country_code": "ER",
      "nationality": null,
      "dial_code": "291",
      "approved": 1
    },
    {
      "id": 69,
      "country": "Estonia",
      "country_code": "EE",
      "nationality": null,
      "dial_code": "372",
      "approved": 1
    },
    {
      "id": 70,
      "country": "Ethiopia",
      "country_code": "ET",
      "nationality": null,
      "dial_code": "251",
      "approved": 1
    },
    {
      "id": 71,
      "country": "Falkland Islands (Malvinas)",
      "country_code": "FK",
      "nationality": null,
      "dial_code": "500",
      "approved": 1
    },
    {
      "id": 72,
      "country": "Faroe Islands",
      "country_code": "FO",
      "nationality": null,
      "dial_code": "298",
      "approved": 1
    },
    {
      "id": 73,
      "country": "Fiji",
      "country_code": "FJ",
      "nationality": null,
      "dial_code": "679",
      "approved": 1
    },
    {
      "id": 74,
      "country": "Finland",
      "country_code": "FI",
      "nationality": null,
      "dial_code": "358",
      "approved": 1
    },
    {
      "id": 75,
      "country": "France",
      "country_code": "FR",
      "nationality": null,
      "dial_code": "33",
      "approved": 1
    },
    {
      "id": 76,
      "country": "French Guiana",
      "country_code": "GF",
      "nationality": null,
      "dial_code": "594",
      "approved": 1
    },
    {
      "id": 77,
      "country": "French Polynesia",
      "country_code": "PF",
      "nationality": null,
      "dial_code": "689",
      "approved": 1
    },
    {
      "id": 78,
      "country": "French Southern Territories",
      "country_code": "TF",
      "nationality": null,
      "dial_code": "0",
      "approved": 1
    },
    {
      "id": 79,
      "country": "Gabon",
      "country_code": "GA",
      "nationality": null,
      "dial_code": "241",
      "approved": 1
    },
    {
      "id": 80,
      "country": "Gambia",
      "country_code": "GM",
      "nationality": null,
      "dial_code": "220",
      "approved": 1
    },
    {
      "id": 81,
      "country": "Georgia",
      "country_code": "GE",
      "nationality": null,
      "dial_code": "995",
      "approved": 1
    },
    {
      "id": 82,
      "country": "Germany",
      "country_code": "DE",
      "nationality": null,
      "dial_code": "49",
      "approved": 1
    },
    {
      "id": 83,
      "country": "Ghana",
      "country_code": "GH",
      "nationality": null,
      "dial_code": "233",
      "approved": 1
    },
    {
      "id": 84,
      "country": "Gibraltar",
      "country_code": "GI",
      "nationality": null,
      "dial_code": "350",
      "approved": 1
    },
    {
      "id": 85,
      "country": "Greece",
      "country_code": "GR",
      "nationality": null,
      "dial_code": "30",
      "approved": 1
    },
    {
      "id": 86,
      "country": "Greenland",
      "country_code": "GL",
      "nationality": null,
      "dial_code": "299",
      "approved": 1
    },
    {
      "id": 87,
      "country": "Grenada",
      "country_code": "GD",
      "nationality": null,
      "dial_code": "1",
      "approved": 1
    },
    {
      "id": 88,
      "country": "Guadeloupe",
      "country_code": "GP",
      "nationality": null,
      "dial_code": "590",
      "approved": 1
    },
    {
      "id": 89,
      "country": "Guam",
      "country_code": "GU",
      "nationality": null,
      "dial_code": "1",
      "approved": 1
    },
    {
      "id": 90,
      "country": "Guatemala",
      "country_code": "GT",
      "nationality": null,
      "dial_code": "502",
      "approved": 1
    },
    {
      "id": 91,
      "country": "Guernsey",
      "country_code": "GG",
      "nationality": null,
      "dial_code": "44",
      "approved": 1
    },
    {
      "id": 92,
      "country": "Guinea",
      "country_code": "GN",
      "nationality": null,
      "dial_code": "224",
      "approved": 1
    },
    {
      "id": 93,
      "country": "Guinea-Bissau",
      "country_code": "GW",
      "nationality": null,
      "dial_code": "245",
      "approved": 1
    },
    {
      "id": 94,
      "country": "Guyana",
      "country_code": "GY",
      "nationality": null,
      "dial_code": "592",
      "approved": 1
    },
    {
      "id": 95,
      "country": "Haiti",
      "country_code": "HT",
      "nationality": null,
      "dial_code": "509",
      "approved": 1
    },
    {
      "id": 96,
      "country": "Heard Island & Mcdonald Islands",
      "country_code": "HM",
      "nationality": null,
      "dial_code": "0",
      "approved": 1
    },
    {
      "id": 97,
      "country": "Holy See (Vatican City State)",
      "country_code": "VA",
      "nationality": null,
      "dial_code": "39",
      "approved": 1
    },
    {
      "id": 98,
      "country": "Honduras",
      "country_code": "HN",
      "nationality": null,
      "dial_code": "504",
      "approved": 1
    },
    {
      "id": 99,
      "country": "Hong Kong",
      "country_code": "HK",
      "nationality": null,
      "dial_code": "852",
      "approved": 1
    },
    {
      "id": 100,
      "country": "Hungary",
      "country_code": "HU",
      "nationality": null,
      "dial_code": "36",
      "approved": 1
    },
    {
      "id": 101,
      "country": "Iceland",
      "country_code": "IS",
      "nationality": null,
      "dial_code": "354",
      "approved": 1
    },
    {
      "id": 102,
      "country": "India",
      "country_code": "IN",
      "nationality": null,
      "dial_code": "91",
      "approved": 1,
      "country_flag": "FlagIndia"
    },
    {
      "id": 103,
      "country": "Indonesia",
      "country_code": "ID",
      "nationality": null,
      "dial_code": "62",
      "approved": 1
    },
    {
      "id": 104,
      "country": "Iran, Islamic Republic Of",
      "country_code": "IR",
      "nationality": null,
      "dial_code": "98",
      "approved": 1
    },
    {
      "id": 105,
      "country": "Iraq",
      "country_code": "IQ",
      "nationality": null,
      "dial_code": "964",
      "approved": 1
    },
    {
      "id": 106,
      "country": "Ireland",
      "country_code": "IE",
      "nationality": null,
      "dial_code": "353",
      "approved": 1
    },
    {
      "id": 107,
      "country": "Isle Of Man",
      "country_code": "IM",
      "nationality": null,
      "dial_code": "44",
      "approved": 1
    },
    {
      "id": 108,
      "country": "Israel",
      "country_code": "IL",
      "nationality": null,
      "dial_code": "972",
      "approved": 1
    },
    {
      "id": 109,
      "country": "Italy",
      "country_code": "IT",
      "nationality": null,
      "dial_code": "39",
      "approved": 1
    },
    {
      "id": 110,
      "country": "Jamaica",
      "country_code": "JM",
      "nationality": null,
      "dial_code": "1",
      "approved": 1
    },
    {
      "id": 111,
      "country": "Japan",
      "country_code": "JP",
      "nationality": null,
      "dial_code": "81",
      "approved": 1
    },
    {
      "id": 112,
      "country": "Jersey",
      "country_code": "JE",
      "nationality": null,
      "dial_code": "44",
      "approved": 1
    },
    {
      "id": 113,
      "country": "Jordan",
      "country_code": "JO",
      "nationality": null,
      "dial_code": "962",
      "approved": 1
    },
    {
      "id": 114,
      "country": "Kazakhstan",
      "country_code": "KZ",
      "nationality": null,
      "dial_code": "7",
      "approved": 1
    },
    {
      "id": 115,
      "country": "Kenya",
      "country_code": "KE",
      "nationality": null,
      "dial_code": "254",
      "approved": 1
    },
    {
      "id": 116,
      "country": "Kiribati",
      "country_code": "KI",
      "nationality": null,
      "dial_code": "686",
      "approved": 1
    },
    {
      "id": 117,
      "country": "Korea",
      "country_code": "KR",
      "nationality": null,
      "dial_code": "82",
      "approved": 1
    },
    {
      "id": 118,
      "country": "Kuwait",
      "country_code": "KW",
      "nationality": null,
      "dial_code": "965",
      "approved": 1
    },
    {
      "id": 119,
      "country": "Kyrgyzstan",
      "country_code": "KG",
      "nationality": null,
      "dial_code": "996",
      "approved": 1
    },
    {
      "id": 120,
      "country": "Lao People's Democratic Republic",
      "country_code": "LA",
      "nationality": null,
      "dial_code": "856",
      "approved": 1
    },
    {
      "id": 121,
      "country": "Latvia",
      "country_code": "LV",
      "nationality": null,
      "dial_code": "371",
      "approved": 1
    },
    {
      "id": 122,
      "country": "Lebanon",
      "country_code": "LB",
      "nationality": null,
      "dial_code": "961",
      "approved": 1
    },
    {
      "id": 123,
      "country": "Lesotho",
      "country_code": "LS",
      "nationality": null,
      "dial_code": "266",
      "approved": 1
    },
    {
      "id": 124,
      "country": "Liberia",
      "country_code": "LR",
      "nationality": null,
      "dial_code": "231",
      "approved": 1
    },
    {
      "id": 125,
      "country": "Libyan Arab Jamahiriya",
      "country_code": "LY",
      "nationality": null,
      "dial_code": "218",
      "approved": 1
    },
    {
      "id": 126,
      "country": "Liechtenstein",
      "country_code": "LI",
      "nationality": null,
      "dial_code": "423",
      "approved": 1
    },
    {
      "id": 127,
      "country": "Lithuania",
      "country_code": "LT",
      "nationality": null,
      "dial_code": "370",
      "approved": 1
    },
    {
      "id": 128,
      "country": "Luxembourg",
      "country_code": "LU",
      "nationality": null,
      "dial_code": "352",
      "approved": 1
    },
    {
      "id": 129,
      "country": "Macao",
      "country_code": "MO",
      "nationality": null,
      "dial_code": "853",
      "approved": 1
    },
    {
      "id": 130,
      "country": "Macedonia",
      "country_code": "MK",
      "nationality": null,
      "dial_code": "389",
      "approved": 1
    },
    {
      "id": 131,
      "country": "Madagascar",
      "country_code": "MG",
      "nationality": null,
      "dial_code": "261",
      "approved": 1
    },
    {
      "id": 132,
      "country": "Malawi",
      "country_code": "MW",
      "nationality": null,
      "dial_code": "265",
      "approved": 1
    },
    {
      "id": 133,
      "country": "Malaysia",
      "country_code": "MY",
      "nationality": null,
      "dial_code": "60",
      "approved": 1
    },
    {
      "id": 134,
      "country": "Maldives",
      "country_code": "MV",
      "nationality": null,
      "dial_code": "960",
      "approved": 1
    },
    {
      "id": 135,
      "country": "Mali",
      "country_code": "ML",
      "nationality": null,
      "dial_code": "223",
      "approved": 1
    },
    {
      "id": 136,
      "country": "Malta",
      "country_code": "MT",
      "nationality": null,
      "dial_code": "356",
      "approved": 1
    },
    {
      "id": 137,
      "country": "Marshall Islands",
      "country_code": "MH",
      "nationality": null,
      "dial_code": "692",
      "approved": 1
    },
    {
      "id": 138,
      "country": "Martinique",
      "country_code": "MQ",
      "nationality": null,
      "dial_code": "596",
      "approved": 1
    },
    {
      "id": 139,
      "country": "Mauritania",
      "country_code": "MR",
      "nationality": null,
      "dial_code": "222",
      "approved": 1
    },
    {
      "id": 140,
      "country": "Mauritius",
      "country_code": "MU",
      "nationality": null,
      "dial_code": "230",
      "approved": 1
    },
    {
      "id": 141,
      "country": "Mayotte",
      "country_code": "YT",
      "nationality": null,
      "dial_code": "269",
      "approved": 1
    },
    {
      "id": 142,
      "country": "Mexico",
      "country_code": "MX",
      "nationality": null,
      "dial_code": "52",
      "approved": 1
    },
    {
      "id": 143,
      "country": "Micronesia, Federated States Of",
      "country_code": "FM",
      "nationality": null,
      "dial_code": "691",
      "approved": 1
    },
    {
      "id": 144,
      "country": "Moldova",
      "country_code": "MD",
      "nationality": null,
      "dial_code": "373",
      "approved": 1
    },
    {
      "id": 145,
      "country": "Monaco",
      "country_code": "MC",
      "nationality": null,
      "dial_code": "377",
      "approved": 1
    },
    {
      "id": 146,
      "country": "Mongolia",
      "country_code": "MN",
      "nationality": null,
      "dial_code": "976",
      "approved": 1
    },
    {
      "id": 147,
      "country": "Montenegro",
      "country_code": "ME",
      "nationality": null,
      "dial_code": "382",
      "approved": 1
    },
    {
      "id": 148,
      "country": "Montserrat",
      "country_code": "MS",
      "nationality": null,
      "dial_code": "1",
      "approved": 1
    },
    {
      "id": 149,
      "country": "Morocco",
      "country_code": "MA",
      "nationality": null,
      "dial_code": "212",
      "approved": 1
    },
    {
      "id": 150,
      "country": "Mozambique",
      "country_code": "MZ",
      "nationality": null,
      "dial_code": "258",
      "approved": 1
    },
    {
      "id": 151,
      "country": "Myanmar",
      "country_code": "MM",
      "nationality": null,
      "dial_code": "95",
      "approved": 1
    },
    {
      "id": 152,
      "country": "Namibia",
      "country_code": "NA",
      "nationality": null,
      "dial_code": "264",
      "approved": 1
    },
    {
      "id": 153,
      "country": "Nauru",
      "country_code": "NR",
      "nationality": null,
      "dial_code": "674",
      "approved": 1
    },
    {
      "id": 154,
      "country": "Nepal",
      "country_code": "NP",
      "nationality": null,
      "dial_code": "977",
      "approved": 1
    },
    {
      "id": 155,
      "country": "Netherlands",
      "country_code": "NL",
      "nationality": null,
      "dial_code": "31",
      "approved": 1
    },
    {
      "id": 156,
      "country": "Netherlands Antilles",
      "country_code": "AN",
      "nationality": null,
      "dial_code": "599",
      "approved": 1
    },
    {
      "id": 157,
      "country": "New Caledonia",
      "country_code": "NC",
      "nationality": null,
      "dial_code": "687",
      "approved": 1
    },
    {
      "id": 158,
      "country": "New Zealand",
      "country_code": "NZ",
      "nationality": null,
      "dial_code": "64",
      "approved": 1
    },
    {
      "id": 159,
      "country": "Nicaragua",
      "country_code": "NI",
      "nationality": null,
      "dial_code": "505",
      "approved": 1
    },
    {
      "id": 160,
      "country": "Niger",
      "country_code": "NE",
      "nationality": null,
      "dial_code": "227",
      "approved": 1
    },
    {
      "id": 161,
      "country": "Nigeria",
      "country_code": "NG",
      "nationality": null,
      "dial_code": "234",
      "approved": 1
    },
    {
      "id": 162,
      "country": "Niue",
      "country_code": "NU",
      "nationality": null,
      "dial_code": "683",
      "approved": 1
    },
    {
      "id": 163,
      "country": "Norfolk Island",
      "country_code": "NF",
      "nationality": null,
      "dial_code": "6723",
      "approved": 1
    },
    {
      "id": 164,
      "country": "Northern Mariana Islands",
      "country_code": "MP",
      "nationality": null,
      "dial_code": "1",
      "approved": 1
    },
    {
      "id": 165,
      "country": "Norway",
      "country_code": "NO",
      "nationality": null,
      "dial_code": "47",
      "approved": 1
    },
    {
      "id": 166,
      "country": "Oman",
      "country_code": "OM",
      "nationality": null,
      "dial_code": "968",
      "approved": 1
    },
    {
      "id": 167,
      "country": "Pakistan",
      "country_code": "PK",
      "nationality": null,
      "dial_code": "92",
      "approved": 1
    },
    {
      "id": 168,
      "country": "Palau",
      "country_code": "PW",
      "nationality": null,
      "dial_code": "680",
      "approved": 1
    },
    {
      "id": 169,
      "country": "Palestine, State of",
      "country_code": "PS",
      "nationality": null,
      "dial_code": "970",
      "approved": 1
    },
    {
      "id": 170,
      "country": "Panama",
      "country_code": "PA",
      "nationality": null,
      "dial_code": "507",
      "approved": 1
    },
    {
      "id": 171,
      "country": "Papua New Guinea",
      "country_code": "PG",
      "nationality": null,
      "dial_code": "675",
      "approved": 1
    },
    {
      "id": 172,
      "country": "Paraguay",
      "country_code": "PY",
      "nationality": null,
      "dial_code": "595",
      "approved": 1
    },
    {
      "id": 173,
      "country": "Peru",
      "country_code": "PE",
      "nationality": null,
      "dial_code": "51",
      "approved": 1
    },
    {
      "id": 174,
      "country": "Philippines",
      "country_code": "PH",
      "nationality": null,
      "dial_code": "63",
      "approved": 1
    },
    {
      "id": 175,
      "country": "Pitcairn",
      "country_code": "PN",
      "nationality": null,
      "dial_code": "64",
      "approved": 1
    },
    {
      "id": 176,
      "country": "Poland",
      "country_code": "PL",
      "nationality": null,
      "dial_code": "48",
      "approved": 1
    },
    {
      "id": 177,
      "country": "Portugal",
      "country_code": "PT",
      "nationality": null,
      "dial_code": "351",
      "approved": 1
    },
    {
      "id": 178,
      "country": "Puerto Rico",
      "country_code": "PR",
      "nationality": null,
      "dial_code": "1",
      "approved": 1
    },
    {
      "id": 179,
      "country": "Qatar",
      "country_code": "QA",
      "nationality": null,
      "dial_code": "974",
      "approved": 1,
      "country_flag": "FlagQatar"
    },
    {
      "id": 180,
      "country": "Reunion",
      "country_code": "RE",
      "nationality": null,
      "dial_code": "262",
      "approved": 1
    },
    {
      "id": 181,
      "country": "Romania",
      "country_code": "RO",
      "nationality": null,
      "dial_code": "40",
      "approved": 1
    },
    {
      "id": 182,
      "country": "Russian Federation",
      "country_code": "RU",
      "nationality": null,
      "dial_code": "7",
      "approved": 1
    },
    {
      "id": 183,
      "country": "Rwanda",
      "country_code": "RW",
      "nationality": null,
      "dial_code": "250",
      "approved": 1
    },
    {
      "id": 184,
      "country": "Saint Barthelemy",
      "country_code": "BL",
      "nationality": null,
      "dial_code": "590",
      "approved": 1
    },
    {
      "id": 185,
      "country": "Saint Helena",
      "country_code": "SH",
      "nationality": null,
      "dial_code": "290",
      "approved": 1
    },
    {
      "id": 186,
      "country": "Saint Kitts And Nevis",
      "country_code": "KN",
      "nationality": null,
      "dial_code": "1",
      "approved": 1
    },
    {
      "id": 187,
      "country": "Saint Lucia",
      "country_code": "LC",
      "nationality": null,
      "dial_code": "1",
      "approved": 1
    },
    {
      "id": 188,
      "country": "Saint Martin",
      "country_code": "MF",
      "nationality": null,
      "dial_code": "590",
      "approved": 1
    },
    {
      "id": 189,
      "country": "Saint Pierre And Miquelon",
      "country_code": "PM",
      "nationality": null,
      "dial_code": "508",
      "approved": 1
    },
    {
      "id": 190,
      "country": "Saint Vincent And Grenadines",
      "country_code": "VC",
      "nationality": null,
      "dial_code": "1",
      "approved": 1
    },
    {
      "id": 191,
      "country": "Samoa",
      "country_code": "WS",
      "nationality": null,
      "dial_code": "685",
      "approved": 1
    },
    {
      "id": 192,
      "country": "San Marino",
      "country_code": "SM",
      "nationality": null,
      "dial_code": "378",
      "approved": 1
    },
    {
      "id": 193,
      "country": "Sao Tome And Principe",
      "country_code": "ST",
      "nationality": null,
      "dial_code": "239",
      "approved": 1
    },
    {
      "id": 194,
      "country": "Saudi Arabia",
      "country_code": "SA",
      "nationality": null,
      "dial_code": "966",
      "approved": 1,
      "country_flag": "FlagSAU"
    },
    {
      "id": 195,
      "country": "Senegal",
      "country_code": "SN",
      "nationality": null,
      "dial_code": "221",
      "approved": 1
    },
    {
      "id": 196,
      "country": "Serbia",
      "country_code": "RS",
      "nationality": null,
      "dial_code": "381",
      "approved": 1
    },
    {
      "id": 197,
      "country": "Seychelles",
      "country_code": "SC",
      "nationality": null,
      "dial_code": "248",
      "approved": 1
    },
    {
      "id": 198,
      "country": "Sierra Leone",
      "country_code": "SL",
      "nationality": null,
      "dial_code": "232",
      "approved": 1
    },
    {
      "id": 199,
      "country": "Singapore",
      "country_code": "SG",
      "nationality": null,
      "dial_code": "65",
      "approved": 1
    },
    {
      "id": 200,
      "country": "Slovakia",
      "country_code": "SK",
      "nationality": null,
      "dial_code": "421",
      "approved": 1
    },
    {
      "id": 201,
      "country": "Slovenia",
      "country_code": "SI",
      "nationality": null,
      "dial_code": "386",
      "approved": 1
    },
    {
      "id": 202,
      "country": "Solomon Islands",
      "country_code": "SB",
      "nationality": null,
      "dial_code": "677",
      "approved": 1
    },
    {
      "id": 203,
      "country": "Somalia",
      "country_code": "SO",
      "nationality": null,
      "dial_code": "252",
      "approved": 1
    },
    {
      "id": 204,
      "country": "South Africa",
      "country_code": "ZA",
      "nationality": null,
      "dial_code": "27",
      "approved": 1
    },
    {
      "id": 205,
      "country": "South Georgia And Sandwich Isl.",
      "country_code": "GS",
      "nationality": null,
      "dial_code": "500",
      "approved": 1
    },
    {
      "id": 206,
      "country": "Spain",
      "country_code": "ES",
      "nationality": null,
      "dial_code": "34",
      "approved": 1
    },
    {
      "id": 207,
      "country": "Sri Lanka",
      "country_code": "LK",
      "nationality": null,
      "dial_code": "94",
      "approved": 1
    },
    {
      "id": 208,
      "country": "Sudan",
      "country_code": "SD",
      "nationality": null,
      "dial_code": "249",
      "approved": 1
    },
    {
      "id": 209,
      "country": "Suriname",
      "country_code": "SR",
      "nationality": null,
      "dial_code": "597",
      "approved": 1
    },
    {
      "id": 210,
      "country": "Svalbard And Jan Mayen",
      "country_code": "SJ",
      "nationality": null,
      "dial_code": "47",
      "approved": 1
    },
    {
      "id": 211,
      "country": "Swaziland",
      "country_code": "SZ",
      "nationality": null,
      "dial_code": "268",
      "approved": 1
    },
    {
      "id": 212,
      "country": "Sweden",
      "country_code": "SE",
      "nationality": null,
      "dial_code": "46",
      "approved": 1
    },
    {
      "id": 213,
      "country": "Switzerland",
      "country_code": "CH",
      "nationality": null,
      "dial_code": "41",
      "approved": 1
    },
    {
      "id": 214,
      "country": "Syrian Arab Republic",
      "country_code": "SY",
      "nationality": null,
      "dial_code": "963",
      "approved": 1
    },
    {
      "id": 215,
      "country": "Taiwan",
      "country_code": "TW",
      "nationality": null,
      "dial_code": "886",
      "approved": 1
    },
    {
      "id": 216,
      "country": "Tajikistan",
      "country_code": "TJ",
      "nationality": null,
      "dial_code": "992",
      "approved": 1
    },
    {
      "id": 217,
      "country": "Tanzania",
      "country_code": "TZ",
      "nationality": null,
      "dial_code": "255",
      "approved": 1
    },
    {
      "id": 218,
      "country": "Thailand",
      "country_code": "TH",
      "nationality": null,
      "dial_code": "66",
      "approved": 1
    },
    {
      "id": 219,
      "country": "Timor-Leste",
      "country_code": "TL",
      "nationality": null,
      "dial_code": "670",
      "approved": 1
    },
    {
      "id": 220,
      "country": "Togo",
      "country_code": "TG",
      "nationality": null,
      "dial_code": "228",
      "approved": 1
    },
    {
      "id": 221,
      "country": "Tokelau",
      "country_code": "TK",
      "nationality": null,
      "dial_code": "690",
      "approved": 1
    },
    {
      "id": 222,
      "country": "Tonga",
      "country_code": "TO",
      "nationality": null,
      "dial_code": "676",
      "approved": 1
    },
    {
      "id": 223,
      "country": "Trinidad And Tobago",
      "country_code": "TT",
      "nationality": null,
      "dial_code": "1",
      "approved": 1
    },
    {
      "id": 224,
      "country": "Tunisia",
      "country_code": "TN",
      "nationality": null,
      "dial_code": "216",
      "approved": 1
    },
    {
      "id": 225,
      "country": "Turkey",
      "country_code": "TR",
      "nationality": null,
      "dial_code": "90",
      "approved": 1
    },
    {
      "id": 226,
      "country": "Turkmenistan",
      "country_code": "TM",
      "nationality": null,
      "dial_code": "993",
      "approved": 1
    },
    {
      "id": 227,
      "country": "Turks And Caicos Islands",
      "country_code": "TC",
      "nationality": null,
      "dial_code": "1",
      "approved": 1
    },
    {
      "id": 228,
      "country": "Tuvalu",
      "country_code": "TV",
      "nationality": null,
      "dial_code": "688",
      "approved": 1
    },
    {
      "id": 229,
      "country": "Uganda",
      "country_code": "UG",
      "nationality": null,
      "dial_code": "256",
      "approved": 1
    },
    {
      "id": 230,
      "country": "Ukraine",
      "country_code": "UA",
      "nationality": null,
      "dial_code": "380",
      "approved": 1
    },
    {
      "id": 231,
      "country": "United Arab Emirates",
      "country_code": "AE",
      "nationality": null,
      "dial_code": "971",
      "approved": 1,
      "country_flag": "FlagUAE"
    },
    {
      "id": 232,
      "country": "United Kingdom",
      "country_code": "GB",
      "nationality": null,
      "dial_code": "44",
      "approved": 1
    },
    {
      "id": 233,
      "country": "United States",
      "country_code": "US",
      "nationality": null,
      "dial_code": "1",
      "approved": 1
    },
    {
      "id": 234,
      "country": "United States Outlying Islands",
      "country_code": "UM",
      "nationality": null,
      "dial_code": "1",
      "approved": 1
    },
    {
      "id": 235,
      "country": "Uruguay",
      "country_code": "UY",
      "nationality": null,
      "dial_code": "598",
      "approved": 1
    },
    {
      "id": 236,
      "country": "Uzbekistan",
      "country_code": "UZ",
      "nationality": null,
      "dial_code": "998",
      "approved": 1
    },
    {
      "id": 237,
      "country": "Vanuatu",
      "country_code": "VU",
      "nationality": null,
      "dial_code": "678",
      "approved": 1
    },
    {
      "id": 238,
      "country": "Venezuela",
      "country_code": "VE",
      "nationality": null,
      "dial_code": "58",
      "approved": 1
    },
    {
      "id": 239,
      "country": "Viet Nam",
      "country_code": "VN",
      "nationality": null,
      "dial_code": "84",
      "approved": 1
    },
    {
      "id": 240,
      "country": "Virgin Islands, British",
      "country_code": "VG",
      "nationality": null,
      "dial_code": "1",
      "approved": 1
    },
    {
      "id": 241,
      "country": "Virgin Islands, U.S.",
      "country_code": "VI",
      "nationality": null,
      "dial_code": "1",
      "approved": 1
    },
    {
      "id": 242,
      "country": "Wallis And Futuna",
      "country_code": "WF",
      "nationality": null,
      "dial_code": "681",
      "approved": 1
    },
    {
      "id": 243,
      "country": "Western Sahara",
      "country_code": "EH",
      "nationality": null,
      "dial_code": "212",
      "approved": 1
    },
    {
      "id": 244,
      "country": "Yemen",
      "country_code": "YE",
      "nationality": null,
      "dial_code": "967",
      "approved": 1
    },
    {
      "id": 245,
      "country": "Zambia",
      "country_code": "ZM",
      "nationality": null,
      "dial_code": "260",
      "approved": 1
    },
    {
      "id": 246,
      "country": "Zimbabwe",
      "country_code": "ZW",
      "nationality": null,
      "dial_code": "263",
      "approved": 1
    }
  ]
}